altitude(m),rho(kg/m^3),headwind(km/h),headwind_ms,V_relative_ms,drag_N,time_s,fuel_used_kg,CO2_emissions_kg
6000,0.6601,52,14.444444444444445,708.8888888888889,549022.7110573333,239.81191222570533,1974.9327929099998,6240.7876255956
6500,0.6243,55,15.277777777777779,709.7222222222223,520468.41720781254,239.5303326810176,1870.01959685625,5909.26192606575
7000,0.59,60,16.666666666666668,711.1111111111111,493800.1066666666,239.0625,1770.7363199999998,5595.5267711999995
7500,0.5572,65,18.055555555555557,712.5,468171.62004375,238.59649122807016,1675.5615875249998,5294.7746165789995
8000,0.5258,70,19.444444444444446,713.8888888888889,443512.7053041667,238.13229571984434,1584.220480425,5006.1367181430005
