altitude(m),rho(kg/m^3),headwind(km/h),headwind_ms,V_relative_ms,drag_N,time_s,fuel_used_kg,CO2_emissions_kg
6000,0.6601,52,14.444444444444445,736.6666666666667,592892.571999,230.76923076923075,2052.3204415349996,6485.332595250599
6500,0.6243,55,15.277777777777779,737.5000000000001,562006.8680203126,230.50847457627114,1943.2101877312502,6140.544193230751
7000,0.59,60,16.666666666666668,738.8888888888889,533131.7191666666,230.0751879699248,1839.9057074999998,5814.1020357
7500,0.5572,65,18.055555555555557,740.2777777777778,505387.82062708354,229.6435272045028,1740.8856260250006,5501.198578239002
8000,0.5258,70,19.444444444444446,741.6666666666667,478698.8031375002,229.2134831460674,1645.8633006750006,5200.928030133002
